-- phpMyAdmin SQL Dump
-- version 3.4.11.1deb2
-- http://www.phpmyadmin.net
--
-- Хост: localhost
-- Время создания: Авг 20 2013 г., 14:34
-- Версия сервера: 5.5.31
-- Версия PHP: 5.4.4-14+deb7u2

SET SQL_MODE="NO_AUTO_VALUE_ON_ZERO";
SET time_zone = "+00:00";


/*!40101 SET @OLD_CHARACTER_SET_CLIENT=@@CHARACTER_SET_CLIENT */;
/*!40101 SET @OLD_CHARACTER_SET_RESULTS=@@CHARACTER_SET_RESULTS */;
/*!40101 SET @OLD_COLLATION_CONNECTION=@@COLLATION_CONNECTION */;
/*!40101 SET NAMES utf8 */;

--
-- База данных: `task63`
--

-- --------------------------------------------------------

--
-- Структура таблицы `bash`
--

CREATE TABLE IF NOT EXISTS `bash` (
  `id` int(10) NOT NULL,
  `quote` text NOT NULL,
  PRIMARY KEY (`id`)
) ENGINE=InnoDB DEFAULT CHARSET=utf8;

--
-- Дамп данных таблицы `bash`
--

INSERT INTO `bash` (`id`, `quote`) VALUES
(423973, 'Супруга хочет сделать тату. Решила набить себе ворона.<br><br>С: хочу не орущего, с закрытым клювом, сосредоточенного<br>С: солидного<br>С: и не статичного, а в движении<br>Я: в движении... Можно набить ворона, стремительно бегущего по земле за червячком! главное, что б крылья были сложены - так веселее )))<br>С: !<br>С: издеваешься? )<br>С: мне нужна гордая, мудрая, солидная птица, а ты мне чо предлагаешь?!<br>Я: гордую, мудрую, солидную птицу...<br>Я: ... бегущую за червячком :D\n'),
(423974, 'ххх: Привет. тут?<br>yyy: на 50%<br>xxx: а второй рукой что делаешь?'),
(423975, 'работаем в юридической конторе. есть горячая линия, люди звонят для краткой консультации.<br>очередной звонок не предвещал беды... вроде бы.<br><br>xxx: юридическая консультация &quot;xxx&quot;, здравствуйте<br>yyy: молодой человек, здрасте, у меня тут такой вопрос к вам. у нас дело в суде. так суд постановил осуществить фотоэпиляцию двора для установления факта наличия в нем транспортных средств....<br><br>всё, что было сказано дальше - было неважно.'),
(423976, 'xxx: ...фигня, я вот не так давно уже почти хотел убить человека который в названии функции JS написал букву &quot;c&quot; в русской раскладке<br>yyy: я тоже, но оказалось что это будет самоубийство'),
(423977, 'Обсуждаем с женой последствия завтрака в нашей семье с 3-мя детьми:<br><br>жена: Странно, вроде только кашу поели, а уже столько посуды. Вот раньше, когда без детей, можно было кашу прямо из кастрюли поесть<br><br>Я: Да, и чай - из чайника попить...'),
(423978, 'Александр Комаров:<br>В одной экспедиции участвовали школьники. Приехала проверяющая. Первый вопль был: &quot;Почему рядом с лагерем кладбище?&quot; Оно действительно где-то там виднелось. Ответили, что это - &quot;погост&quot; и тетка угомонилась. Но потом наступила ночь, ей показали ее палатку, в которой уже стояла раскладушка и лежал спальник, и она пошла спать. Утром: &quot;Вы мучаете детей! Спать не возможно! Дышать нельзя и ноги мерзнут!&quot; Сцена немого молчания. Ради справедливости нужно отметить, что где-то раз в пять лет обязательно найдется умник, залезающий в спальник вперед головой...'),
(423979, 'на совещании по проблемам кадров.<br>- Нужно просто создать людям подходящие условия для работы, чтобы они хотели туда идти! Наример, вернуть статью за тунеядство.'),
(423980, 'xxx: Говорят, если очень чего-то хочется, то желание сбудется. С утра сильно хотел денег и визита прекрасной незнакомки. В обед в дверь позвонил сосед и попросил денег на водку.<br>xxx: Сработало как-то наоборот.'),
(423981, 'с форума russian.fi:<br><br>brodaga @ po zizni:<br>Если б Вам довелось взглянуть как-нибудь на срез снега в Череповце, Вы за финским снегом бы бегом бежали (предполагаю). Все цвета радуги! Очерёдность - в зависимости от розы ветров. Местные так и определяют: розовый - с хим.комбината\\с севера. Зелёный - с металлургического. Да ещё и уточняют, с какого именно и как плавка прошла...'),
(423982, 'Одна моя коллега, отработавшая когда-то 20 лет следователем в милиции, рассказывала, как однажды в камеру пробрались мыши и погрызли изъятые образцы наркоты. Представьте себе потом картинку: коридор УВД - и по нему зигзагом идёт мышь. Ей пофиг на людей, пофиг на крики - она под кайфом!<br>А однажды нас, тогда практикантов в районной прокуратуре, послали уничтожать по акту вещдоки по закрытому уже делу. Ну что, взяли ящики, отволокли на пустырь за зданием, развели костёр... Потом акт составили: мол, такие-то такие-то предметы по уголовному делу номер такой-то уничтожены путём сожжения. Всё бы ничего - да только среди вещдоков имелись ломик и фомка, формально тоже сожжёные. Помощник прокурора, давший нам задание, офигел: &quot;Ну, практиканты пошли! Захотят - из ломов костёр разведут!&quot;'),
(423983, 'Знакомая рассказывала про атракцион в диснейленде<br><br>Ольга:<br>изо всех сил вцепилась в подлокотник, а в конце оказалось что подлокотников там не было, а это была рука знакомого. я с извинениями вытащила из нее ногти :D<br>а ему тоже не до этого было... :D'),
(423984, 'Брадобряк:<br>Голосом и интонациями Дроздова можно всё что угодно читать, хоть учебник по астрономии:<br><br>&quot;Температура поверхности протозвезды пока еще мала, но она уже излучает в инфракрасном диапазоне, а потому рождающиеся звезды можно попытаться обнаружить среди довольно многочисленных источников инфракрасного излучения.&quot;'),
(423985, 'xxx:<br>Я когда учил билеты к экзамену на права, то сложнее всего врубался в сигналы регулировщика. Не мог понять системы. После того как начал ездить, то больше всего боялся, что встречусь с регулировщиком на сложном перекрёстке и не буду знать что делать. И вот мой кошмар сбывается. Подъезжаю к светофору первым, а там он с палочкой. Но оказалось, что регулировщики всё понимают и пользуются двумя простыми и доступными знаками. &quot;Давай, давай, давай!!!&quot; и &quot;Стоять!!!&quot;. И действительно, чего это он такой красивый и толстый будет стоять, руки на уровне груди, так и устать можно.'),
(423986, 'xxx: Так что ты думаешь об альтернативной службе?<br>yyy: Ты меня знаешь. Мне на все пофиг.<br>yyy: Призовут, так призовут.<br>yyy: Нет, так нет.<br>xxx: Охренеть отношение к жизни.<br>xxx: Буду жить, так буду жить.<br>xxx: Убьют, так убьют.<br>xxx: Все так относятся. Поэтому так и живём.<br>xxx: Сделают дороги, так сделают.<br>xxx: Украдут бюджет, так украдут.'),
(423987, 'Жена самостоятельно пошла за грибами. Заставил взять компас и мобильник. Как и ожидалось звонит, сообщает, что вроде бы заблудилась. Лес размером километр на полтора, со всех сторон дачи.<br>Объясняю: смотри на компас, стрелка показывает на север, иди все время на север и скоро выйдешь.<br>Звонок через час: Я уже час иду на север и никак не могу выйти из этого леса. А твоя дурацкая стрелочка все время движется по кругу!'),
(423988, 'Dobrey: Он знаешь какой сильный. Он когда на отдыхе трусы выжимал, порвал их пополам))'),
(423989, 'xxx:<br>Вот кстати про ваху. Начал читать правила, дошел до раздела руины. Прочитал правила для имперской скульптуры (которая, в частности, дает сейв 3+ за укрытие). Фраза &quot;За императора!&quot; приобрела новый смысл.'),
(423990, 'xxx: течение воды действительно в чем-то похоже на течение судьбы - плывешь себе, вокруг все мутное и вдруг каааак даст бревном.'),
(423991, 'звонок в IT отдел:<br>- Здравствуйте, у меня проблема. Мышка не ставит свой носик в мою клеточку.'),
(423992, 'xxx: а пмс может быть целый месяц?<br>yyy: нет<br>yyy: это характер'),
(423993, 'c 4pda обсуждение одного ведущего производителя электроники:<br>oleggggg33: только гнусмас что-то производит, все остальные молча сидят и прибыль считают<br>oleg-ros: Прибыль то как раз самс и считает<br>Guzon: А кто ее не считает? Кто-то из производителей работает ради идеи?<br>Alexei-90: Автоваз'),
(423994, 'avkdo: Пожалуй, мне не стоило ехать вчера домой из бара на машине. Тем более, что пришел я туда пешком.'),
(423995, 'C форума САПР2000:<br><br>xxx: Таким надо на первую страницу трудовой ставить красную печать &quot;Осторожно, АвтоКАДчик!!!&quot;.<br>А то они чертеж, спецификацию, и баланс предприятия в один файл запихнут: &quot;а зачем мне на компьютере ДВА файла?&quot;'),
(423996, 'xxx: Ща девки местные приходили в качалку вместе с Вадимом (или Владом, я понять не могу как его зовут xD) пару раз махнули гантелькой, потом обложили его и просили рассказать как правильно питаться. Он с умным видом нес какую-то ересь, а они сидели и ахали какой он умный и сильный<br>xxx: а я думал только об одном: заржу - уроню штангу :D'),
(423997, 'он: расскажи про себя коротко :)<br>она: я - это я'),
(423998, 'xxx: зацени цитату: &quot;Разработать общий концепт согласно задач на регистрацию автоматизации, для урегулирования процессов актуализации новых данных как на коммуникационных носителях так и наличие информации у кл. и банках в том числе. Ответственный - xxx&quot;<br>xxx: сразу видно - профессионал писал. ни хрена не понятно, зато ответственным назначен непричастный.'),
(423999, 'ххх: Напомнило мою самую первую встречу с будущей датской свекровью.<br>Сидим с Алланом у его родителей в гостях. Она спрашивает нас, как мы общаемся? Мы отвечаем - по скайпу. Она делает большие глаза: &quot;У вас в России тоже скайпом пользуются?&quot; Говорим: &quot;А еще иногда по сотовому&quot;. Она: &quot;У вас что, тоже сотовые есть? И что, такие же как у нас?&quot; Не выдерживаю: &quot;Да ну что вы? Откуда? Я вообще дома в шкурах хожу, это только тут уже кофту купила&quot;.'),
(424000, 'ххх: Я охренела от своего окулиста<br><br>ууу: чу он? оО<br><br>ххх: представь, картина маслом: тетенька самого добродушного вида милейшим голосом говорит, что мне надо больше играть в шутеры, причем в те, где больше кровищи<br>ххх: Чтобы быстрая смена действий тренировала глаз<br><br>ууу: дай мне ее адрес, плз<br>ууу: кажется, я нашла окулиста своей мечты'),
(424001, 'xxx: Ты прикинь, я сейчас дихлофоса надышался.<br>xxx: Уронил плоскогубцы, а на полу лежал баллончик дихлофоса. Ну и плоскогубцами прямо по нему, из баллончика фонтан - прямо в лицо мне :(<br>ххх: Зато голова прошла.<br>ууу: Это у тебя от дихлофоса все тараканы в голове померли :D'),
(424002, 'ххх: как дела?<br>ууу: Да на работе завал какой-то<br>ууу: Диссертация не пишется<br>ххх: много еще?<br>ууу: По-моему, еще вся'),
(424003, '111: а ты площадку уже сдавал?<br>222: завтра<br>222: и город завтра<br>111: я помню, как нас фоткали после сдачи, уже сразу на права. Это страшнее, чем ксерокопия фотки в паспорте. Потом надо было расписываться, нам прямо пальцем тыкали, где, и один всё равно расписался не там.<br>111: и вот после площадки, несколькочасового ожидания, сдачи города, потом похода в сбер с квитанцией, и всё это по жаре - какая фотка может получиться?<br>111: Наверно, гайцы так и различают - кто купил права, а кто сдавал. Если морда заёбаная до усрачки - значит, сам сдал'),
(424004, 'Коллега, добросовестный работник, но только частенько сразу же засыпает сидя, если его не трогать, так что я его бужу, когда прихожу с обеда. Ушёл я в отпуск и он мне пишет:<br>- Сегодня картина была, я как обычно уснул, сижу и тут меня будит начальник. Ни крика, ни мата, а только прикосновение к плечу и привычно спокойный голос мне командует: активация<br>- =D надо было пикнуть спикером и загудеть x''D'),
(424005, 'На тему законопроекта о выселении из квартир шумных жильцов.<br><br>xxx: Вот чую, грядет время! Заходишь такой купить перфоратор в магаз, а там рядом стойка страховой компании. Мы готовы застраховать риск вашего выселения.'),
(424006, 'xxx: Читаю новость: &quot;Биологам удалось воскресить белок возрастом 4 млрд. лет&quot;. <br>xxx: Слегка завис. <br>xxx: В памяти всплыла белка из мультика &quot;Ледниковый Период&quot;.'),
(424007, 'Товарищ работает в сервисном центре, технику различную починяет. На днях ему притащили ноутбук залитый борщом. Сейчас пишет:<br><br>- Коварный ноут.<br>- Утро. Я хочу ЖРАТЬ. А на столе он, ацетон и ватные палочки.<br>- Как же он аппетитно пахнет, сука, борщиком. Как же я сильно хочу из-за него ЖРАТЬ.'),
(424008, 'xxx: мои бухгалтера довольно далекие от инет-сленга люди, потому у них слово &quot;фап&quot; имеет только одно значение &quot;фельшерско-акушерский пункт&quot;. да, и я реагирую спокойно... обычно... до сегодняшнего дня. <br>xxx: а сегодня меня ловит за локоть девочка из бухгалтерии и тащит к себе в кабинет со словами &quot;давай, наконец, займемся фапом, пока никто не мешает&quot;. <br>xxx: почему меня пробило на &quot;хи-хи&quot; ей объяснять не стал, не нужно портить чистые умы.'),
(424009, 'Android: хэлл йее ))) если в яичницу с колбасой добавить сверху сыр то получется мега вкуснятина!<br>Tamias: ога. сыр все делает круче<br>Tamias: это как взрывающийся вертолет. только сыр.'),
(424010, 'xxx: Поднес работающую кофемолку к голове спящего кота. Он не испугался, не закричал и не убежал. Лениво открыл глаза, посмотрел на меня в стиле &quot;Господи, ну что за детский сад&quot; и обратно ушел в мир сновидений. Ну и мне как-то сразу неловко стало за себя, реально идиотом себя почувствовал.'),
(424011, 'xxx: Кажется, я поздно спохватился.<br>xxx: Мне нравится тусить, ездить по концертам, пить коньяк с новыми друзьяи в купе, а мне 32, у меня хорошая работа и я женат'),
(424012, 'graier: Под утро приснилось, что звонок будильника мне несут почтой России. Проспала на 20 минут. Считаю, легко отделалась.'),
(424013, 'xxx: Ну ок, ты там окуратнее<br>yyy: да ты ж меня знаешь<br>yyy: мне можно имя менять на &quot;осторожность&quot;<br>xxx: Дааааа<br>xxx: А фамилию на &quot;фпесду&quot;'),
(424014, 'на сайлоге:<br><br>e-note: Она тут в очередной раз переставляет линукс, так что какие-то письма могли потеряться.<br><br>Ал: Слушай, а ты не много работаешь? Может быть надо чаще бывать дома?<br><br>e-note: Знаешь, если жена интеллектуально отличается от табуретки, то как бы часто и подолгу ты не бывал дома, у нее рано или поздно заводятся хобби. И слава аллаху, если это линукс: максимум, чем я рискую - что у нее вырастет борода и свитер с оленями.'),
(424015, 'C Хабра, обсуждение конкурса по поиску уязвимостей на сайте знакомств Badoo:<br><br>SaNNy32: А конкурс кто-то выйграл или он все еще проходит? И что получил победитель?<br>pomme: Победитель получит базу аккаунтов Баду с паролями.'),
(424016, 'Зульоный: Кто проживает на дне океана? Джонни, который опозорил честь семьи!'),
(424017, 'xxx: Два дня меня не было дома, естественно, окна все это время были закрыты. Возвращаюсь и обнаруживаю на полу посреди комнаты трупик комара. Теперь у меня такое ощущение, что я уморил беднягу голодом.<br>yyy: твоя карма никогда не станет прежней.'),
(424018, 'Сообщение: Перекрыто движение по улице Ворошилова от 1 до 5 дома, очень много полицейских, во дворах спецназ с автоматами, запретили снимать. Работают в основном около дома №2.<br><br>Комментарии:<br>alx.konkere: Что там случилось, интересно? Ждём подробностей<br>Туловище: Поймали торрентокачателя.<br>vladislavvv: Ага, он еще и матерился в интернете'),
(424019, 'Sveta: У отца коллега в канун прошлого НГ опоздал на работу. Прилично опоздал, на пару часов... Рассказывает - пошли они с мужиками ночью за елками в лес. Срубили, тащат... А тут менты навстречу - мол откуда елки? Мужики струхнули, но один из них, коллега папы, сообразил сказать, что свои - у него в частном доме во дворе выросли, их и срубили. Менты не особо поверили и записали адрес этого мужика. В общем они так испугались, что весь остаток ночи пеньки от этих елок пересаживали из леса во двор этого чувака - земля-то мерзлая ))))) А менты так и не пришли.<br>'),
(424020, 'xxx: всегда, когда вижу сообщение &quot;kernel panic&quot;, представляю себе маленькое ядро с лицом, выражающим ужас, которое мечется в темноте, внутри процессора, и совершенное не знает что делать... <br>xxx: сразу же пытаюсь как-то решить проблему, потому что так жалко становится)'),
(424021, 'На ютубе очередной комментарий-лохотрон а-ля &quot;я работал(а) в МТС, но меня уволили и ...&quot;<br>Ответ к нему:<br>alexscity: Неправда, вас&amp;#65279; вывозят в лес и закапывают.'),
(424022, 'ххх: Сегодня еду за женой по первомайке. светофор красный, торможу, по переходу идет голубь, ГОЛУБЬ!!!! ИДЕТ!!! ПО МАТЬ ЕГО ПЕШЕХОДНОМУ ПЕРЕХОДУ НА МАТЬ ЕГО ЗЕЛЕНЫЙ!!! Еду назад, эта птица хреначит обратно на светофоре метров через 300 от первого. ШТА?!!! Обратно?!!! Он блин че за сигами в ларек сгонял?!! Люди этж ваще!!! Сраные отморозки несутся мне капот помять своими дрищиными тупыми телами, а чертов голубь по переходу на зеленый...<br>У нас уже голуби умнее людей...<br>Они скоро срать будут только на неправильно припаркованные машины...'),
(424024, 'Сижу у клиента в торговом зале, настраиваю 1С. Рядом с клавиатурой лежит гарнитура оператора, очень похожая по форме на мышь. Хватаюсь несколько раз за нее рукой по ошибке, потом рассказываю историю, что как-то раз перепутал свой мобильник с мышью. Соседний оператор меланхолично так отвечает:<br>- Это что! У нас кассир, когда устает к концу дня, на калькуляторе чеки выбивать пытается.<br>Покупатель, стоящий у соседнего окошка, улыбается поворачивается к нам и говорит:<br>- А у нас пожилая юристка, как-то ошибки в договоре на директорском планшете с помощью мазилки и бритвочки исправляла.'),
(424025, 'Рин: еще с нами поедет Жора маленький. это такой товарищ под два метра и под центнер веса, так что готовьте еды побольше ))<br>dragon: жора маленький... что за тупая мода давать здоровякам прозвище &quot;маленький&quot;?<br>Рин: это не мода. это ты просто Жору большого еще не видел )'),
(424026, 'xxx: моя мама считает, что мандрива - это обзывательство'),
(424027, 'Андрей: Cделали аккаунты для автоматической отправки отсчетов по аське для станков<br>Андрей: Сейчас один из станков вошел в режим &quot;Готов поболтать&quot;.<br>Андрей: Страшно жить....'),
(424028, '[xxx]: Вот я сейчас код рефакторю. Создается окно для айфона, потом проверяется: а у нас айфон? Если да, то все ок, мы угадали, а если нет, то мы окно почему то не удаляем, а создаем окно для айпада. И так везде! Вот это подход!<br>[xxx]: Вот интересно: программист, который это писал, в туалет также ходит? Снял штаны и смотрит: а я в туалете?'),
(424029, 'XXX: Оказывается, фотоны с энергией 13.6 эВ очень сильно возбуждают атом водорода! &quot;О, да, детка! Ионизируй меня полностью!&quot;<br><br>yyy: Атом водорода не так прост, как толкуют феминистки. Отнюдь не всё время он думает об ионизации.<br><br>Конечно, 13,6 эВ достаточны, чтобы у любого атома водорода напрочь сорвать его электрон с орбиты, но вот максимальная вероятность возбуждения и, главное, самая большая продолжительность возбуждённого состояния, достигаются при переходе с уровня n=1 на n=2, а для этого нужны фотоны с энергией 10,2 эВ, не меньше, но и не больше.<br><br>Именно поэтому настоящие покорительницы водорода используют только 10,2 эВные фотоны из нашей коллекции &quot;фиолетовый Лайман&quot; и избегают подделок, собранных на коленке где-то в районе сплошного спектра.'),
(424030, 'ххх: вид сегодня у тебя какой то уж совсем ипотечный (('),
(424031, 'ххх: ну, как свиданка с девушкой мечты?<br>ууу: Ж(((<br>ххх: что, так хреново? говорил же не верить фоткам - явная фотожаба!<br>ууу: да не. Фото нормальные. В жизни она еще красивее. Как увидел - глаз не отвести. Повел в ресторан, болтали. Заказали еду.<br>ххх: и?<br>ууу: она ушла в туалет и не вернулась. и на звонки второй день не отвечает<br>ххх: походу не понравилось<br>ууу: без вариантов, да? =(((<br>ххх: варианты всегда есть! например - она все еще в туалете'),
(424032, 'xxx: не знаю плакать или смеяться<br>xxx: пришел бывший навестить сына<br>xxx: (нашел-таки время за три года)<br>xxx: в прихожей пытался устроить вселенский скандал по поводу &quot;чьих-то чужих мужских ботинков&quot;<br>xxx: фраза сына из комнаты: &quot;отец, это вообще-то мои ботинки&quot; повергла бывшего в ступор<br>xxx: а когда сын вышел и посмотрел на него сверху вниз - в мегаступор'),
(424033, '&lt;Angelofnet&gt; Точки. Была такая игра. На листочке в клеточку.<br>&lt;TheNehh&gt; великолепная<br>&lt;TheNehh&gt; я весь институт в неё проиграл<br>&lt;Angelofnet&gt; Кому ты институт в &quot;точки&quot; проиграл?'),
(424034, 'xxx: сижу, втыкаю в установщик игрули, таймер застыл на &quot;осталось 3 часа&quot;<br>ххх: с нетерпением жду, когда же он поползет на убыль<br>xxх: внезапно, надпись сменяется на &quot;осталось 2 часа 60 минут&quot;<br>xxx: никогда не испытывал радость и горечь с разницей в 1 миллисекунду....'),
(424035, '...<br>ххх: Да фигня эти ваши тренинги. Саморазвитие рулит<br>ууу: Ну самому сложнее<br>ххх: Ничего сложного, есть у меня 1 живой пример.<br>Парень убеждённый гопник. Ну как... По малолетке воровал по карманам в собаках. Потом понял,что на вырост надо будет прогрессировать. Ворованное тратил не на конфетки, а на секцию по самбо и качалку. Годам к 16 начал гопать народ на денюжку по дворам. Причём денежку не на пиво с семками тратил, а опять же на развитие. Абонемент в спортзале, кастет заказной по руке ровненько. Короче, вложение в &quot;бизнес&quot;. Потом ребят нашел, скинулись, купили машину, начали на &quot;стрелки&quot; какие-то ездить, &quot;крыши&quot; ставили палаточкам. Короче как итог всех этих вложений - сейчас у него своя коллекторская контора и он сидит себе денежки получает.<br>ххх: вот это я понимаю, человек саморазвитием занимался и вкладывал всё в любимое дело. Можно сказать жертвовал низменными интересами ради карьеры)))). А если ты бездельник,то тебе никакой тренинг не поможет.<br>ххх: И да, я не говорю что он хорошим делом занимался, но факт остаётся фактом.'),
(424036, 'xxx: Нынче инфляция совсем не щадит, бомж возле рынка полгода назад спрашивал у прохожих 2р, сегодня ходил и спрашивал 12р'),
(424037, 'Фрагмент из переписки с клиентом насчет организации встречи по внедрению системы.<br>Клиент: &quot;просьба взять с собой ноутбуки. Будем имитировать реальную работу&quot;'),
(424038, 'С хабра:<br><br>xenon:<br>&gt; Хотя есть не так много мест, где можно оплачивать товары биткоинами, их можно обменять, как и любую другую валюту<br><br>То есть, игровая компьютерная валюта, теперь, получается, тоже валюта? Особенно если где-то кто-то за игровое золото окажет реальную услугу или продаст реальный товар. (я тебе табуретку, ты мне 10 000 золотых в WoW).<br><br>Уважаемая налоговая, довожу до вашего сведения, что вчера паладин Goodknight убил дракона Onixia, и тем самым получил шлем качества epic, ориентировочной ценой в 20 000 золотых, и 15 000 золотых лута. И, насколько мне известно, не уплатил подоходный налог. Прошу возбудить дело.'),
(424039, '111: Андрей настраивал принтер и случайно подписался на принтер-рассылку от Angry Birds. Потом он вошел во вкус и подписался на кроссворды. Теперь каждое утро принтер нам будет печатать Судоку, раскраски птичек и не известно что еще.<br>222: Где такое настроить? Я тоже хочу ;)<br>333: &quot;Случайно на принтере подписался на рассылку&quot; атлична!))<br>444: Скоро можно будет в холодильнике подписаться на пиво и колбасу. До чего техника дошла.<br>111@444: было бы неплохо :)'),
(424040, 'xxx: Начинал я какой-то рогалик...<br>xxx: На втором этаже убил рарный монстр.<br>xxx: Начал заново (рогалик же), на втором этаже меня убил призрак предыдущего чара.<br>xxx: Начал заново. На втором этаже встретил обоих...'),
(424041, 'xxx: Существует правило, по которому пролив Босфор можно проходить только с исправными якорями<br>xxx: а наш корабль этот самый якорь благополучно похерил во время недавнего шторма, и чтобы исправить ситуацию, старпом приказал сделать макет якоря из подручных материалов и покрасить<br>xxx: на это дело ушла всего одна ночь и к утру якорь занял положенное место, разрешение на проход было получено<br>xxx: нужно было видеть глаза турков, глядящих вслед кораблю с якорем, развевающимся на ветру'),
(424042, 'xxx: про hl3 шла инфа, что они в какой-то момент полностью поменяли концепт - на openworld с элементами rpg. охотно верю, в их духе.<br>xxx: им не простят ни не-выхода hl3, ни выхода не-шедевра. и они, подозреваю, в курсе.<br>xxx: а вот сроки им простят любые, если выйдет шедевр<br>xxx: могу кстати напомнить, что hl1 два года подряд объявлялся лучшей игрой года, причём в первой год он так и не вышел<br>xxx: они показали на какой-то выставке наброски, все охуели и дали им &quot;лучшую игру&quot;. а они потом резко поменяли концепт и ещё на год затормозили<br>'),
(424043, 'ччч:<br>расплачиваясь за обед в кафе, отдал 500р, а сдачу принесли как с тысячи. указал на ошибку, вернул лишнее. удивились.<br><br>yyy:<br>хитро, чё-то я даже не понял<br>а как ты их обманул?'),
(424044, 'albi: Хочу романтики! На море хочу посмотреть, как море светится. Так романтично, там такие рачки маленькие, как огоньки.<br><br>sbI4: Зарегайся в WoT. Там раки как с базы повылезли, так, сука, сразу и светятся.'),
(424045, 'W.E.B: Муж - моя каменная стена, твердая опора и несокрушимая защита! До тех пор, пока не увидит на градуснике 37.2..;)'),
(424046, 'xxx:<br>Раз уж тут взялись за рецепты. У мамы в тетрадочке названия рецепты получали как правило или по источнику (от Тани, от бабы Клавы и т.д.), или по ингредиентам. Очень забавно было видеть ряд: Салат из свеклы, Салат из морепродуктов, Салат из телевизора...'),
(424047, 'Александр Д.:<br>А ты руководство всё прочитал или так, наискосок?<br><br>Нох:<br>Я сисадмин-программист.<br>Ну или эникейщик-быдлокодер, кому как нравится...<br>Разумеется я прочитал титульный лист!..<br>У таких как я всё просто<br>Делаем до тех пор, пока не получится жопа<br>Как получилась жопа - идём читать мануалы'),
(424048, 'звоню сестре поздравить с днем рождения, в процессе поздравления спрашиваю:<br>- Ну и кто сегодня был первым с поздравлениями?<br>- Стасик (двухмесячный сын). Он в два часа ночи решил меня поздравить. В его крике я так и услышала &quot;мать, иди сюда, поздравлять буду&quot;... до четырех ночи поздравлял...'),
(424049, 'KJ: Сходила с детьми в зоопарк, дети рычали, пищали, кричали, махали. Надеюсь, звери остались довольны.'),
(424050, 'xxx:<br>Странная тема, как зимой снег убрать, так из жека нет никого. Во дворе снег давно убирают только те у кого машины стоят. Как стричь траву, так чуть ли не до заморозков стригут, отбоя от желающих нет.<br><br>xxx:<br>Сейчас в темноте (23-00) кто-то косит бензо-триммером. Надо выйти посмотреть, наверное у него шахтерская каска с фонариком.'),
(424051, 'xxx: моя сегодня выдала<br>xxx: &quot;Когда я говорю не трогай меня - это значит не трогай меня, (10 секунд пауза) но не всегда&quot;'),
(424052, 'xxx: Эй! Я между прочим в свой код душу вкладываю!<br>yyy: Правда все равно говнокод получается...<br>zzz: Как думаете, это что-то значит?'),
(424053, 'xxx: Было где-то в начале апреля.<br>Иду по тротуару, вижу перчатка лежит. Я подумал, что её впереди идущая женщина уронила, подобрал, хотел отдать. Но смотрю - перчатка мужская, явно не её. Ну я взял и выкинул перчатку. Сзади какой-то пьяный заорал &quot;эй, перчатку потерял!&quot; Я чтобы ему ничего не объяснять, подобрал её и дальше пошёл. За углом снова выкинул. Мне с балкона какой-то дурак заорал опять. Так и нёс перчатку почти до дома, а там выкинул-таки в мусорку.'),
(424054, 'ххх 03.05.2012<br>приветик! ты сексуальна!!! хочу подарить тебе море ласки и нежности, будешь получать этот подарок?<br><br>ххх 25.01.2013<br>приветик! ты сексуальна!!! хочу подарить тебе море ласки и нежности, будешь получать этот подарок?<br><br>ххх 08.08.2013<br>Добрый вечер!<br><br>ууу 09.08. 2013<br>А что там с морем ласки и нежности?<br><br>ххх 09.08. 2013<br>хотел бы тебе это подарить!<br><br>ууу 09.08.2013<br>Слава Богу, а то я думала, забыл слова..'),
(424055, 'алКошка: У меня родители грязную посуду в раковину составляют так, будто никогда в тетрис не играли :facepalm:'),
(424056, 'Den Stranger: Гуляли по детской площадке. Пришли к мнению что у нас разные взгляды на собственного ребенка.<br>Den Stranger: Мама ругает дочь за то, что она кидается камнями.<br>Den Stranger: Папа ругает дочь за то, что она при этом не попадает в цель :)'),
(424057, 'x&gt; Почему у меня в чашке много ложек?<br>y&gt; Потому что ты давно ее не мыл...<br>y&gt; и там развелись ложки.'),
(424058, 'Встречаю жену с ребенком (2г3мес) на стоянке авто, они едут в машине. Мелкий впереди в детском кресле. Подъезжают, останавливаются. Смотрю, мелкий руками в такт музыке &quot;фонарики&quot; крутит, музыку не слышу. Подхожу ближе, там AC/DC горланит. Спрашиваю жену в афиге:<br>Я: Вы чего это? AC/DC слушаете?<br>Ж: А у нас больше ничего нет...'),
(424059, 'xxx: Я тут капельницу себе поставил с валерьянкой.<br>yyy: ?<br>xxx: Консилиум из девяти работников экономического отдела, выясняли, чем дебитная пластиковая карта отличается от кредитной. На полтора часа. Успел винду переставить на месте. У всех (якобы) высшее экономическое.<br>yyy: Бюстгальтерия, млин...'),
(424060, '- Нам четыре кружки пива, пожалуйста.<br>Официантка:<br>- Чтобы было дешевле, вы можете взять в кувшине по полтора литра... тогда вам нужно кувшинов... (ооочень долгая пауза)... Вот поэтому я здесь и работаю!'),
(424061, 'XXX: там реально метеориты лупили один за другим, всю ночь сплошные росчерки на небе<br>XXX: я на каждый загадывал желание, одно и то же<br>XXX: если верить примете - жене пиздец<br>XXX: потому что опухнет она штук 25 дочек за 1 раз рожать'),
(424062, '@vvzvlad: Зубы надо чистить в ванной. Пришел на кухню почистить зубы, сижу, жру.'),
(424063, 'xxx:<br>А вот как знатнейше подписывают баночки с вареньем и джемом наши бабушки! У моей красуются - &quot;ЯД-2011&quot; и &quot;АД-2013&quot; (яблочный джем и абрикосовый джем&quot;). Есть еще любимое - &quot;Вискос&quot; (вишня с косточками).');

-- --------------------------------------------------------

--
-- Структура таблицы `readed`
--

CREATE TABLE IF NOT EXISTS `readed` (
  `uid` varchar(32) CHARACTER SET latin1 NOT NULL,
  `quote_id` int(10) NOT NULL,
  `key` tinyint(1) NOT NULL DEFAULT '0'
) ENGINE=InnoDB DEFAULT CHARSET=utf8;

--
-- Дамп данных таблицы `readed`
--

INSERT INTO `readed` (`uid`, `quote_id`, `key`) VALUES
('21r8n1030e1218g15w0o14p56', 423973, 1),
('21r8n1030e1218g15w0o14p56', 423974, 1),
('21r8n1030e1218g15w0o14p56', 423975, 1),
('21r8n1030e1218g15w0o14p56', 423976, 1),
('21r8n1030e1218g15w0o14p56', 423977, 1),
('21r8n1030e1218g15w0o14p56', 423978, 1),
('21r8n1030e1218g15w0o14p56', 423979, 1),
('21r8n1030e1218g15w0o14p56', 423980, 1),
('21r8n1030e1218g15w0o14p56', 423981, 1),
('21r8n1030e1218g15w0o14p56', 423982, 1),
('21r8n1030e1218g15w0o14p56', 423983, 1),
('21r8n1030e1218g15w0o14p56', 423984, 1),
('21r8n1030e1218g15w0o14p56', 423985, 1),
('21r8n1030e1218g15w0o14p56', 423986, 1),
('21r8n1030e1218g15w0o14p56', 423987, 1),
('21r8n1030e1218g15w0o14p56', 423988, 1),
('21r8n1030e1218g15w0o14p56', 423989, 1),
('21r8n1030e1218g15w0o14p56', 423990, 1),
('21r8n1030e1218g15w0o14p56', 423991, 1),
('21r8n1030e1218g15w0o14p56', 423992, 1),
('21r8n1030e1218g15w0o14p56', 423993, 1),
('21r8n1030e1218g15w0o14p56', 423994, 1),
('21r8n1030e1218g15w0o14p56', 423995, 1),
('21r8n1030e1218g15w0o14p56', 423996, 1),
('21r8n1030e1218g15w0o14p56', 423997, 1),
('21r8n1030e1218g15w0o14p56', 423998, 1),
('21r8n1030e1218g15w0o14p56', 423999, 1),
('21r8n1030e1218g15w0o14p56', 424000, 1),
('21r8n1030e1218g15w0o14p56', 424001, 1);

-- --------------------------------------------------------

--
-- Структура таблицы `users`
--

CREATE TABLE IF NOT EXISTS `users` (
  `login` varchar(16) CHARACTER SET latin1 NOT NULL,
  `password` varchar(16) CHARACTER SET latin1 NOT NULL,
  `uid` varchar(32) CHARACTER SET latin1 NOT NULL,
  PRIMARY KEY (`uid`)
) ENGINE=InnoDB DEFAULT CHARSET=utf8;

--
-- Дамп данных таблицы `users`
--

INSERT INTO `users` (`login`, `password`, `uid`) VALUES
('1233', '1233', '21r8n1030e1218g15w0o14p56'),
('1234', '1234', '9r32p64142l166l14v0b30w20l');

/*!40101 SET CHARACTER_SET_CLIENT=@OLD_CHARACTER_SET_CLIENT */;
/*!40101 SET CHARACTER_SET_RESULTS=@OLD_CHARACTER_SET_RESULTS */;
/*!40101 SET COLLATION_CONNECTION=@OLD_COLLATION_CONNECTION */;
